id,code,province,district,township
l10n_pa_edi_location_1_1_1,1-1-1,BOCAS DEL TORO,BOCAS DEL TORO,BOCAS DEL TORO (CABECERA)
l10n_pa_edi_location_1_1_2,1-1-2,BOCAS DEL TORO,BOCAS DEL TORO,BASTIMENTOS
l10n_pa_edi_location_1_1_3,1-1-3,BOCAS DEL TORO,BOCAS DEL TORO,CAUCHERO
l10n_pa_edi_location_1_1_4,1-1-4,BOCAS DEL TORO,BOCAS DEL TORO,PUNTA LAUREL
l10n_pa_edi_location_1_1_5,1-1-5,BOCAS DEL TORO,BOCAS DEL TORO,TIERRA OSCURA
l10n_pa_edi_location_1_2_1,1-2-1,BOCAS DEL TORO,CHANGUINOLA,CHANGUINOLA (CABECERA)
l10n_pa_edi_location_1_2_2,1-2-2,BOCAS DEL TORO,CHANGUINOLA,ALMIRANTE
l10n_pa_edi_location_1_2_3,1-2-3,BOCAS DEL TORO,CHANGUINOLA,GUABITO
l10n_pa_edi_location_1_2_4,1-2-4,BOCAS DEL TORO,CHANGUINOLA,TERIBE
l10n_pa_edi_location_1_2_5,1-2-5,BOCAS DEL TORO,CHANGUINOLA,VALLE DEL RISCO
l10n_pa_edi_location_1_2_6,1-2-6,BOCAS DEL TORO,CHANGUINOLA,EL EMPALME
l10n_pa_edi_location_1_2_7,1-2-7,BOCAS DEL TORO,CHANGUINOLA,LAS TABLAS
l10n_pa_edi_location_1_3_1,1-3-1,BOCAS DEL TORO,CHIRIQUI GRANDE,CHIRIQUI GRANDE (CABECERA)
l10n_pa_edi_location_1_3_2,1-3-2,BOCAS DEL TORO,CHIRIQUI GRANDE,MIRAMAR
l10n_pa_edi_location_1_3_3,1-3-3,BOCAS DEL TORO,CHIRIQUI GRANDE,PUNTA PEÑA
l10n_pa_edi_location_1_3_4,1-3-4,BOCAS DEL TORO,CHIRIQUI GRANDE,PUNTA ROBALO
l10n_pa_edi_location_1_3_5,1-3-5,BOCAS DEL TORO,CHIRIQUI GRANDE,RAMBALA
l10n_pa_edi_location_2_1_1,2-1-1,COCLE,AGUADULCE,AGUADULCE (CABECERA)
l10n_pa_edi_location_2_1_2,2-1-2,COCLE,AGUADULCE,EL CRISTO
l10n_pa_edi_location_2_1_3,2-1-3,COCLE,AGUADULCE,EL ROBLE
l10n_pa_edi_location_2_1_4,2-1-4,COCLE,AGUADULCE,POCRI
l10n_pa_edi_location_2_1_5,2-1-5,COCLE,AGUADULCE,BARRIOS UNIDOS
l10n_pa_edi_location_2_2_1,2-2-1,COCLE,ANTON,ANTON (CABECERA)
l10n_pa_edi_location_2_2_2,2-2-2,COCLE,ANTON,CABUYA
l10n_pa_edi_location_2_2_3,2-2-3,COCLE,ANTON,EL CHIRU
l10n_pa_edi_location_2_2_4,2-2-4,COCLE,ANTON,EL RETIRO
l10n_pa_edi_location_2_2_5,2-2-5,COCLE,ANTON,EL VALLE
l10n_pa_edi_location_2_2_6,2-2-6,COCLE,ANTON,JUAN DIAZ
l10n_pa_edi_location_2_2_7,2-2-7,COCLE,ANTON,RIO HATO
l10n_pa_edi_location_2_2_8,2-2-8,COCLE,ANTON,SAN JUAN DE DIOS
l10n_pa_edi_location_2_2_9,2-2-9,COCLE,ANTON,SANTA RITA
l10n_pa_edi_location_2_2_10,2-2-10,COCLE,ANTON,CABALLERO
l10n_pa_edi_location_2_3_1,2-3-1,COCLE,LA PINTADA,LA PINTADA (CABECERA)
l10n_pa_edi_location_2_3_2,2-3-2,COCLE,LA PINTADA,EL HARINO
l10n_pa_edi_location_2_3_3,2-3-3,COCLE,LA PINTADA,EL POTRERO
l10n_pa_edi_location_2_3_4,2-3-4,COCLE,LA PINTADA,LLANO GRANDE
l10n_pa_edi_location_2_3_5,2-3-5,COCLE,LA PINTADA,PIEDRAS GORDAS
l10n_pa_edi_location_2_3_6,2-3-6,COCLE,LA PINTADA,LAS LOMAS
l10n_pa_edi_location_2_4_1,2-4-1,COCLE,NATA,NATA (CABECERA)
l10n_pa_edi_location_2_4_2,2-4-2,COCLE,NATA,CAPELLANIA
l10n_pa_edi_location_2_4_3,2-4-3,COCLE,NATA,EL CAÑO
l10n_pa_edi_location_2_4_4,2-4-4,COCLE,NATA,GUZMAN
l10n_pa_edi_location_2_4_5,2-4-5,COCLE,NATA,LAS HUACAS
l10n_pa_edi_location_2_4_6,2-4-6,COCLE,NATA,TOZA
l10n_pa_edi_location_2_5_1,2-5-1,COCLE,OLA,OLA (CABECERA)
l10n_pa_edi_location_2_5_2,2-5-2,COCLE,OLA,EL COPE
l10n_pa_edi_location_2_5_3,2-5-3,COCLE,OLA,EL PALMAR
l10n_pa_edi_location_2_5_4,2-5-4,COCLE,OLA,EL PICACHO
l10n_pa_edi_location_2_5_5,2-5-5,COCLE,OLA,LA PAVA
l10n_pa_edi_location_2_6_1,2-6-1,COCLE,PENONOME,PENONOME (CABECERA)
l10n_pa_edi_location_2_6_2,2-6-2,COCLE,PENONOME,CAÑAVERAL
l10n_pa_edi_location_2_6_3,2-6-3,COCLE,PENONOME,COCLE
l10n_pa_edi_location_2_6_4,2-6-4,COCLE,PENONOME,CHIGUIRI ARRIBA
l10n_pa_edi_location_2_6_5,2-6-5,COCLE,PENONOME,EL COCO
l10n_pa_edi_location_2_6_6,2-6-6,COCLE,PENONOME,PAJONAL
l10n_pa_edi_location_2_6_7,2-6-7,COCLE,PENONOME,RIO GRANDE
l10n_pa_edi_location_2_6_8,2-6-8,COCLE,PENONOME,RIO INDIO
l10n_pa_edi_location_2_6_9,2-6-9,COCLE,PENONOME,TOABRE
l10n_pa_edi_location_2_6_10,2-6-10,COCLE,PENONOME,TULU
l10n_pa_edi_location_3_1_1,3-1-1,COLON,COLON,BARRIO NORTE
l10n_pa_edi_location_3_1_2,3-1-2,COLON,COLON,BARRIO SUR
l10n_pa_edi_location_3_1_3,3-1-3,COLON,COLON,BUENA VISTA
l10n_pa_edi_location_3_1_4,3-1-4,COLON,COLON,CATIVA
l10n_pa_edi_location_3_1_5,3-1-5,COLON,COLON,CIRICITO
l10n_pa_edi_location_3_1_6,3-1-6,COLON,COLON,CRISTOBAL
l10n_pa_edi_location_3_1_7,3-1-7,COLON,COLON,ESCOBAL
l10n_pa_edi_location_3_1_8,3-1-8,COLON,COLON,LIMON
l10n_pa_edi_location_3_1_9,3-1-9,COLON,COLON,NUEVA PROVIDENCIA
l10n_pa_edi_location_3_1_10,3-1-10,COLON,COLON,PUERTO PILON
l10n_pa_edi_location_3_1_11,3-1-11,COLON,COLON,SABANITAS
l10n_pa_edi_location_3_1_12,3-1-12,COLON,COLON,SALAMANCA
l10n_pa_edi_location_3_1_13,3-1-13,COLON,COLON,SAN JUAN
l10n_pa_edi_location_3_1_14,3-1-14,COLON,COLON,SANTA ROSA
l10n_pa_edi_location_3_2_1,3-2-1,COLON,CHAGRES,NUEVO CHAGRES (CABECERA)
l10n_pa_edi_location_3_2_2,3-2-2,COLON,CHAGRES,ACHIOTE
l10n_pa_edi_location_3_2_3,3-2-3,COLON,CHAGRES,EL GUABO
l10n_pa_edi_location_3_2_4,3-2-4,COLON,CHAGRES,LA ENCANTADA
l10n_pa_edi_location_3_2_5,3-2-5,COLON,CHAGRES,PALMAS BELLAS
l10n_pa_edi_location_3_2_6,3-2-6,COLON,CHAGRES,PIÑA
l10n_pa_edi_location_3_2_7,3-2-7,COLON,CHAGRES,SALUD
l10n_pa_edi_location_3_3_1,3-3-1,COLON,DONOSO,MIGUEL DE LA BORDA (CABECERA)
l10n_pa_edi_location_3_3_2,3-3-2,COLON,DONOSO,COCLE DEL NORTE
l10n_pa_edi_location_3_3_3,3-3-3,COLON,DONOSO,EL GUASIMO
l10n_pa_edi_location_3_3_4,3-3-4,COLON,DONOSO,GOBEA
l10n_pa_edi_location_3_3_5,3-3-5,COLON,DONOSO,RIO INDIO
l10n_pa_edi_location_3_3_6,3-3-6,COLON,DONOSO,SAN JOSE DEL GENERAL
l10n_pa_edi_location_3_4_1,3-4-1,COLON,PORTOBELO,PORTOBELO (CABECERA)
l10n_pa_edi_location_3_4_2,3-4-2,COLON,PORTOBELO,CACIQUE
l10n_pa_edi_location_3_4_3,3-4-3,COLON,PORTOBELO,GARROTE
l10n_pa_edi_location_3_4_4,3-4-4,COLON,PORTOBELO,ISLA GRANDE
l10n_pa_edi_location_3_4_5,3-4-5,COLON,PORTOBELO,MARIA CHIQUITA
l10n_pa_edi_location_3_5_1,3-5-1,COLON,SANTA ISABEL,PALENQUE (CABECERA)
l10n_pa_edi_location_3_5_2,3-5-2,COLON,SANTA ISABEL,CUANGO
l10n_pa_edi_location_3_5_3,3-5-3,COLON,SANTA ISABEL,MIRAMAR
l10n_pa_edi_location_3_5_4,3-5-4,COLON,SANTA ISABEL,NOMBRE DE DIOS
l10n_pa_edi_location_3_5_5,3-5-5,COLON,SANTA ISABEL,PALMIRA
l10n_pa_edi_location_3_5_6,3-5-6,COLON,SANTA ISABEL,PLAYA CHIQUITA
l10n_pa_edi_location_3_5_7,3-5-7,COLON,SANTA ISABEL,SANTA ISABEL
l10n_pa_edi_location_3_5_8,3-5-8,COLON,SANTA ISABEL,VIENTO FRIO
l10n_pa_edi_location_4_1_1,4-1-1,CHIRIQUI,ALANJE,ALANJE (CABECERA)
l10n_pa_edi_location_4_1_2,4-1-2,CHIRIQUI,ALANJE,DIVALA
l10n_pa_edi_location_4_1_3,4-1-3,CHIRIQUI,ALANJE,EL TEJAR
l10n_pa_edi_location_4_1_4,4-1-4,CHIRIQUI,ALANJE,GUARUMAL
l10n_pa_edi_location_4_1_5,4-1-5,CHIRIQUI,ALANJE,PALO GRANDE
l10n_pa_edi_location_4_1_6,4-1-6,CHIRIQUI,ALANJE,QUEREVALO
l10n_pa_edi_location_4_1_7,4-1-7,CHIRIQUI,ALANJE,SANTO TOMAS
l10n_pa_edi_location_4_1_8,4-1-8,CHIRIQUI,ALANJE,CANTA GALLO
l10n_pa_edi_location_4_1_9,4-1-9,CHIRIQUI,ALANJE,NUEVO MEXICO
l10n_pa_edi_location_4_2_1,4-2-1,CHIRIQUI,BARU,PUERTO ARMUELLES (CABECERA)
l10n_pa_edi_location_4_2_2,4-2-2,CHIRIQUI,BARU,LIMONES
l10n_pa_edi_location_4_2_3,4-2-3,CHIRIQUI,BARU,PROGRESO
l10n_pa_edi_location_4_2_4,4-2-4,CHIRIQUI,BARU,BACO
l10n_pa_edi_location_4_2_5,4-2-5,CHIRIQUI,BARU,RODOLFO AGUILAR DELGADO
l10n_pa_edi_location_4_3_1,4-3-1,CHIRIQUI,BOQUERON,BOQUERON (CABECERA)
l10n_pa_edi_location_4_3_2,4-3-2,CHIRIQUI,BOQUERON,BAGALA
l10n_pa_edi_location_4_3_3,4-3-3,CHIRIQUI,BOQUERON,CORDILLERA
l10n_pa_edi_location_4_3_4,4-3-4,CHIRIQUI,BOQUERON,GUABAL
l10n_pa_edi_location_4_3_5,4-3-5,CHIRIQUI,BOQUERON,GUAYABAL
l10n_pa_edi_location_4_3_6,4-3-6,CHIRIQUI,BOQUERON,PARAISO
l10n_pa_edi_location_4_3_7,4-3-7,CHIRIQUI,BOQUERON,PEDREGAL
l10n_pa_edi_location_4_3_8,4-3-8,CHIRIQUI,BOQUERON,TIJERAS
l10n_pa_edi_location_4_4_1,4-4-1,CHIRIQUI,BOQUETE,BAJO BOQUETE (CABECERA)
l10n_pa_edi_location_4_4_2,4-4-2,CHIRIQUI,BOQUETE,CALDERA
l10n_pa_edi_location_4_4_3,4-4-3,CHIRIQUI,BOQUETE,PALMIRA
l10n_pa_edi_location_4_4_4,4-4-4,CHIRIQUI,BOQUETE,ALTO BOQUETE
l10n_pa_edi_location_4_4_5,4-4-5,CHIRIQUI,BOQUETE,JARAMILLO
l10n_pa_edi_location_4_4_6,4-4-6,CHIRIQUI,BOQUETE,LOS NARANJOS
l10n_pa_edi_location_4_5_1,4-5-1,CHIRIQUI,BUGABA,LA CONCEPCION (CABECERA)
l10n_pa_edi_location_4_5_2,4-5-2,CHIRIQUI,BUGABA,ASERRIO DE GARICHE
l10n_pa_edi_location_4_5_3,4-5-3,CHIRIQUI,BUGABA,BUGABA
l10n_pa_edi_location_4_5_4,4-5-4,CHIRIQUI,BUGABA,CERRO PUNTA
l10n_pa_edi_location_4_5_5,4-5-5,CHIRIQUI,BUGABA,GOMEZ
l10n_pa_edi_location_4_5_6,4-5-6,CHIRIQUI,BUGABA,LA ESTRELLA
l10n_pa_edi_location_4_5_7,4-5-7,CHIRIQUI,BUGABA,SAN ANDRES
l10n_pa_edi_location_4_5_8,4-5-8,CHIRIQUI,BUGABA,SANTA MARTA
l10n_pa_edi_location_4_5_9,4-5-9,CHIRIQUI,BUGABA,SANTA ROSA
l10n_pa_edi_location_4_5_10,4-5-10,CHIRIQUI,BUGABA,SANTO DOMINGO
l10n_pa_edi_location_4_5_11,4-5-11,CHIRIQUI,BUGABA,SORTOVA
l10n_pa_edi_location_4_5_12,4-5-12,CHIRIQUI,BUGABA,VOLCAN
l10n_pa_edi_location_4_5_13,4-5-13,CHIRIQUI,BUGABA,EL BONGO
l10n_pa_edi_location_4_6_1,4-6-1,CHIRIQUI,DAVID,DAVID (CABECERA)
l10n_pa_edi_location_4_6_2,4-6-2,CHIRIQUI,DAVID,BIJAGUAL
l10n_pa_edi_location_4_6_3,4-6-3,CHIRIQUI,DAVID,COCHEA
l10n_pa_edi_location_4_6_4,4-6-4,CHIRIQUI,DAVID,CHIRIQUI
l10n_pa_edi_location_4_6_5,4-6-5,CHIRIQUI,DAVID,GUACA
l10n_pa_edi_location_4_6_6,4-6-6,CHIRIQUI,DAVID,LAS LOMAS
l10n_pa_edi_location_4_6_7,4-6-7,CHIRIQUI,DAVID,PEDREGAL
l10n_pa_edi_location_4_6_8,4-6-8,CHIRIQUI,DAVID,SAN CARLOS
l10n_pa_edi_location_4_6_9,4-6-9,CHIRIQUI,DAVID,SAN PABLO NUEVO
l10n_pa_edi_location_4_6_10,4-6-10,CHIRIQUI,DAVID,SAN PABLO VIEJO
l10n_pa_edi_location_4_7_1,4-7-1,CHIRIQUI,DOLEGA,DOLEGA (CABECERA)
l10n_pa_edi_location_4_7_2,4-7-2,CHIRIQUI,DOLEGA,DOS RIOS
l10n_pa_edi_location_4_7_3,4-7-3,CHIRIQUI,DOLEGA,LOS ANASTACIOS
l10n_pa_edi_location_4_7_4,4-7-4,CHIRIQUI,DOLEGA,POTRERILLOS
l10n_pa_edi_location_4_7_5,4-7-5,CHIRIQUI,DOLEGA,POTRERILLOS ABAJO
l10n_pa_edi_location_4_7_6,4-7-6,CHIRIQUI,DOLEGA,ROVIRA
l10n_pa_edi_location_4_7_7,4-7-7,CHIRIQUI,DOLEGA,TINAJAS
l10n_pa_edi_location_4_7_8,4-7-8,CHIRIQUI,DOLEGA,LOS ALGARRROBOS
l10n_pa_edi_location_4_8_1,4-8-1,CHIRIQUI,GUALACA,GUALACA (CABECERA)
l10n_pa_edi_location_4_8_2,4-8-2,CHIRIQUI,GUALACA,HORNITO
l10n_pa_edi_location_4_8_3,4-8-3,CHIRIQUI,GUALACA,LOS ANGELES
l10n_pa_edi_location_4_8_4,4-8-4,CHIRIQUI,GUALACA,PAJA DE SOMBRERO
l10n_pa_edi_location_4_8_5,4-8-5,CHIRIQUI,GUALACA,RINCON
l10n_pa_edi_location_4_9_1,4-9-1,CHIRIQUI,REMEDIOS,REMEDIOS (CABECERA)
l10n_pa_edi_location_4_9_2,4-9-2,CHIRIQUI,REMEDIOS,EL NANCITO
l10n_pa_edi_location_4_9_3,4-9-3,CHIRIQUI,REMEDIOS,EL PORVENIR
l10n_pa_edi_location_4_9_4,4-9-4,CHIRIQUI,REMEDIOS,EL PUERTO
l10n_pa_edi_location_4_9_5,4-9-5,CHIRIQUI,REMEDIOS,SANTA LUCIA
l10n_pa_edi_location_4_10_1,4-10-1,CHIRIQUI,RENACIMIENTO,RIO SERENO (CABECERA)
l10n_pa_edi_location_4_10_2,4-10-2,CHIRIQUI,RENACIMIENTO,BREÑON
l10n_pa_edi_location_4_10_3,4-10-3,CHIRIQUI,RENACIMIENTO,CAÑAS GORDAS
l10n_pa_edi_location_4_10_4,4-10-4,CHIRIQUI,RENACIMIENTO,MONTE LIRIO
l10n_pa_edi_location_4_10_5,4-10-5,CHIRIQUI,RENACIMIENTO,PLAZA CAISAN
l10n_pa_edi_location_4_10_6,4-10-6,CHIRIQUI,RENACIMIENTO,SANTA CRUZ
l10n_pa_edi_location_4_10_7,4-10-7,CHIRIQUI,RENACIMIENTO,DOMINICAL
l10n_pa_edi_location_4_10_8,4-10-8,CHIRIQUI,RENACIMIENTO,SANTA CLARA
l10n_pa_edi_location_4_11_1,4-11-1,CHIRIQUI,SAN FELIX,LAS LAJAS (CABECERA)
l10n_pa_edi_location_4_11_2,4-11-2,CHIRIQUI,SAN FELIX,JUAY
l10n_pa_edi_location_4_11_3,4-11-3,CHIRIQUI,SAN FELIX,LAJAS ADENTRO
l10n_pa_edi_location_4_11_4,4-11-4,CHIRIQUI,SAN FELIX,SAN FELIX
l10n_pa_edi_location_4_11_5,4-11-5,CHIRIQUI,SAN FELIX,SANTA CRUZ
l10n_pa_edi_location_4_12_1,4-12-1,CHIRIQUI,SAN LORENZO,HORCONCITOS (CABECERA)
l10n_pa_edi_location_4_12_2,4-12-2,CHIRIQUI,SAN LORENZO,BOCA CHICA
l10n_pa_edi_location_4_12_3,4-12-3,CHIRIQUI,SAN LORENZO,BOCA DEL MONTE
l10n_pa_edi_location_4_12_4,4-12-4,CHIRIQUI,SAN LORENZO,SAN JUAN
l10n_pa_edi_location_4_12_5,4-12-5,CHIRIQUI,SAN LORENZO,SAN LORENZO
l10n_pa_edi_location_4_13_1,4-13-1,CHIRIQUI,TOLE,TOLE (CABECERA)
l10n_pa_edi_location_4_13_2,4-13-2,CHIRIQUI,TOLE,BELLA VISTA
l10n_pa_edi_location_4_13_3,4-13-3,CHIRIQUI,TOLE,CERRO VIEJO
l10n_pa_edi_location_4_13_4,4-13-4,CHIRIQUI,TOLE,EL CRISTO
l10n_pa_edi_location_4_13_5,4-13-5,CHIRIQUI,TOLE,JUSTO FIDEL PALACIOS
l10n_pa_edi_location_4_13_6,4-13-6,CHIRIQUI,TOLE,LAJAS DE TOLE
l10n_pa_edi_location_4_13_7,4-13-7,CHIRIQUI,TOLE,POTRERO DE CAÑA
l10n_pa_edi_location_4_13_8,4-13-8,CHIRIQUI,TOLE,QUEBRADA DE PIEDRA
l10n_pa_edi_location_4_13_9,4-13-9,CHIRIQUI,TOLE,VELADERO
l10n_pa_edi_location_5_1_1,5-1-1,DARIEN,CHEPIGANA,LA PALMA (CABECERA)
l10n_pa_edi_location_5_1_2,5-1-2,DARIEN,CHEPIGANA,CAMOGANTI
l10n_pa_edi_location_5_1_3,5-1-3,DARIEN,CHEPIGANA,CHEPIGANA
l10n_pa_edi_location_5_1_4,5-1-4,DARIEN,CHEPIGANA,GARACHINE
l10n_pa_edi_location_5_1_5,5-1-5,DARIEN,CHEPIGANA,JAQUE
l10n_pa_edi_location_5_1_6,5-1-6,DARIEN,CHEPIGANA,PUERTO PIÑA
l10n_pa_edi_location_5_1_7,5-1-7,DARIEN,CHEPIGANA,RIO CONGO
l10n_pa_edi_location_5_1_8,5-1-8,DARIEN,CHEPIGANA,RIO IGLESIAS
l10n_pa_edi_location_5_1_9,5-1-9,DARIEN,CHEPIGANA,SAMBU
l10n_pa_edi_location_5_1_10,5-1-10,DARIEN,CHEPIGANA,SETEGANTI
l10n_pa_edi_location_5_1_11,5-1-11,DARIEN,CHEPIGANA,TAIMATI
l10n_pa_edi_location_5_1_12,5-1-12,DARIEN,CHEPIGANA,TUCUTI
l10n_pa_edi_location_5_1_13,5-1-13,DARIEN,CHEPIGANA,AGUA FRIA
l10n_pa_edi_location_5_1_14,5-1-14,DARIEN,CHEPIGANA,CUCUNATI
l10n_pa_edi_location_5_1_15,5-1-15,DARIEN,CHEPIGANA,RIO CONGO ARRIBA
l10n_pa_edi_location_5_1_16,5-1-16,DARIEN,CHEPIGANA,SANTA FE
l10n_pa_edi_location_5_2_1,5-2-1,DARIEN,PINOGANA,EL REAL DE SANTA MARIA (CABECE
l10n_pa_edi_location_5_2_2,5-2-2,DARIEN,PINOGANA,BOCA DE CUPE
l10n_pa_edi_location_5_2_3,5-2-3,DARIEN,PINOGANA,PAYA
l10n_pa_edi_location_5_2_4,5-2-4,DARIEN,PINOGANA,PINOGANA
l10n_pa_edi_location_5_2_5,5-2-5,DARIEN,PINOGANA,PUCURO
l10n_pa_edi_location_5_2_6,5-2-6,DARIEN,PINOGANA,YAPE
l10n_pa_edi_location_5_2_7,5-2-7,DARIEN,PINOGANA,YAVIZA
l10n_pa_edi_location_5_2_8,5-2-8,DARIEN,PINOGANA,METETI
l10n_pa_edi_location_5_2_9,5-2-9,DARIEN,PINOGANA,COMARCA KUNA DE WARGANDI
l10n_pa_edi_location_6_1_1,6-1-1,HERRERA,CHITRE,CHITRE (CABECERA)
l10n_pa_edi_location_6_1_2,6-1-2,HERRERA,CHITRE,LA ARENA
l10n_pa_edi_location_6_1_3,6-1-3,HERRERA,CHITRE,MONAGRILLO
l10n_pa_edi_location_6_1_4,6-1-4,HERRERA,CHITRE,LLANO BONITO
l10n_pa_edi_location_6_1_5,6-1-5,HERRERA,CHITRE,SAN JUAN BAUTISTA
l10n_pa_edi_location_6_2_1,6-2-1,HERRERA,LAS MINAS,LAS MINAS (CABECERA)
l10n_pa_edi_location_6_2_2,6-2-2,HERRERA,LAS MINAS,CHEPO
l10n_pa_edi_location_6_2_3,6-2-3,HERRERA,LAS MINAS,CHUMICAL
l10n_pa_edi_location_6_2_4,6-2-4,HERRERA,LAS MINAS,EL TORO
l10n_pa_edi_location_6_2_5,6-2-5,HERRERA,LAS MINAS,LEONES
l10n_pa_edi_location_6_2_6,6-2-6,HERRERA,LAS MINAS,QUEBRADA DEL ROSARIO
l10n_pa_edi_location_6_2_7,6-2-7,HERRERA,LAS MINAS,QUEBRADA EL CIPRIAN
l10n_pa_edi_location_6_3_1,6-3-1,HERRERA,LOS POZOS,LOS POZOS (CABECERA)
l10n_pa_edi_location_6_3_2,6-3-2,HERRERA,LOS POZOS,CAPURI
l10n_pa_edi_location_6_3_3,6-3-3,HERRERA,LOS POZOS,EL CALABACITO
l10n_pa_edi_location_6_3_4,6-3-4,HERRERA,LOS POZOS,EL CEDRO
l10n_pa_edi_location_6_3_5,6-3-5,HERRERA,LOS POZOS,LA ARENA
l10n_pa_edi_location_6_3_6,6-3-6,HERRERA,LOS POZOS,LA PITALOSA
l10n_pa_edi_location_6_3_7,6-3-7,HERRERA,LOS POZOS,LOS CERRITOS
l10n_pa_edi_location_6_3_8,6-3-8,HERRERA,LOS POZOS,LOS CERROS DE PAJA
l10n_pa_edi_location_6_3_9,6-3-9,HERRERA,LOS POZOS,LAS LLANAS
l10n_pa_edi_location_6_4_1,6-4-1,HERRERA,OCU,OCU (CABECERA)
l10n_pa_edi_location_6_4_2,6-4-2,HERRERA,OCU,CERRO LARGO
l10n_pa_edi_location_6_4_3,6-4-3,HERRERA,OCU,LOS LLANOS
l10n_pa_edi_location_6_4_4,6-4-4,HERRERA,OCU,LLANO GRANDE
l10n_pa_edi_location_6_4_5,6-4-5,HERRERA,OCU,PEÑAS CHATAS
l10n_pa_edi_location_6_4_6,6-4-6,HERRERA,OCU,EL TIJERA
l10n_pa_edi_location_6_4_7,6-4-7,HERRERA,OCU,MENCHACA
l10n_pa_edi_location_6_5_1,6-5-1,HERRERA,PARITA,PARITA (CABECERA)
l10n_pa_edi_location_6_5_2,6-5-2,HERRERA,PARITA,CABUYA
l10n_pa_edi_location_6_5_3,6-5-3,HERRERA,PARITA,LOS CASTILLOS
l10n_pa_edi_location_6_5_4,6-5-4,HERRERA,PARITA,LLANO DE LA CRUZ
l10n_pa_edi_location_6_5_5,6-5-5,HERRERA,PARITA,PARIS
l10n_pa_edi_location_6_5_6,6-5-6,HERRERA,PARITA,PORTOBELILLO
l10n_pa_edi_location_6_5_7,6-5-7,HERRERA,PARITA,POTUGA
l10n_pa_edi_location_6_6_1,6-6-1,HERRERA,PESE,PESE (CABECERA)
l10n_pa_edi_location_6_6_2,6-6-2,HERRERA,PESE,LAS CABRAS
l10n_pa_edi_location_6_6_3,6-6-3,HERRERA,PESE,EL PAJARO
l10n_pa_edi_location_6_6_4,6-6-4,HERRERA,PESE,EL BARRERO
l10n_pa_edi_location_6_6_5,6-6-5,HERRERA,PESE,EL PEDREGOSO
l10n_pa_edi_location_6_6_6,6-6-6,HERRERA,PESE,EL CIRUELO
l10n_pa_edi_location_6_6_7,6-6-7,HERRERA,PESE,SABANAGRANDE
l10n_pa_edi_location_6_6_8,6-6-8,HERRERA,PESE,RINCON HONDO
l10n_pa_edi_location_6_7_1,6-7-1,HERRERA,SANTA MARIA,SANTA MARIA (CABECERA)
l10n_pa_edi_location_6_7_2,6-7-2,HERRERA,SANTA MARIA,CHUPAMPA
l10n_pa_edi_location_6_7_3,6-7-3,HERRERA,SANTA MARIA,EL RINCON
l10n_pa_edi_location_6_7_4,6-7-4,HERRERA,SANTA MARIA,EL LIMON
l10n_pa_edi_location_6_7_5,6-7-5,HERRERA,SANTA MARIA,LOS CANELOS
l10n_pa_edi_location_7_1_1,7-1-1,LOS SANTOS,GUARARE,GUARARE (CABECERA)
l10n_pa_edi_location_7_1_2,7-1-2,LOS SANTOS,GUARARE,EL ESPINAL
l10n_pa_edi_location_7_1_3,7-1-3,LOS SANTOS,GUARARE,EL MACANO
l10n_pa_edi_location_7_1_4,7-1-4,LOS SANTOS,GUARARE,GUARARE ARRIBA
l10n_pa_edi_location_7_1_5,7-1-5,LOS SANTOS,GUARARE,LA ENEA
l10n_pa_edi_location_7_1_6,7-1-6,LOS SANTOS,GUARARE,LA PASERA
l10n_pa_edi_location_7_1_7,7-1-7,LOS SANTOS,GUARARE,LAS TRANCAS
l10n_pa_edi_location_7_1_8,7-1-8,LOS SANTOS,GUARARE,LLANO ABAJO
l10n_pa_edi_location_7_1_9,7-1-9,LOS SANTOS,GUARARE,EL HATO
l10n_pa_edi_location_7_1_10,7-1-10,LOS SANTOS,GUARARE,PERALES
l10n_pa_edi_location_7_2_1,7-2-1,LOS SANTOS,LAS TABLAS,LAS TABLAS (CABECERA)
l10n_pa_edi_location_7_2_2,7-2-2,LOS SANTOS,LAS TABLAS,BAJO CORRAL
l10n_pa_edi_location_7_2_3,7-2-3,LOS SANTOS,LAS TABLAS,BAYANO
l10n_pa_edi_location_7_2_4,7-2-4,LOS SANTOS,LAS TABLAS,EL CARATE
l10n_pa_edi_location_7_2_5,7-2-5,LOS SANTOS,LAS TABLAS,EL COCAL
l10n_pa_edi_location_7_2_6,7-2-6,LOS SANTOS,LAS TABLAS,EL MANANTIAL
l10n_pa_edi_location_7_2_7,7-2-7,LOS SANTOS,LAS TABLAS,EL MUÑOZ
l10n_pa_edi_location_7_2_8,7-2-8,LOS SANTOS,LAS TABLAS,EL PEDREGOSO
l10n_pa_edi_location_7_2_9,7-2-9,LOS SANTOS,LAS TABLAS,LA LAJA
l10n_pa_edi_location_7_2_10,7-2-10,LOS SANTOS,LAS TABLAS,LA MIEL
l10n_pa_edi_location_7_2_11,7-2-11,LOS SANTOS,LAS TABLAS,LA PALMA
l10n_pa_edi_location_7_2_12,7-2-12,LOS SANTOS,LAS TABLAS,LA TIZA
l10n_pa_edi_location_7_2_13,7-2-13,LOS SANTOS,LAS TABLAS,LAS PALMITAS
l10n_pa_edi_location_7_2_14,7-2-14,LOS SANTOS,LAS TABLAS,LAS TABLAS ABAJO
l10n_pa_edi_location_7_2_15,7-2-15,LOS SANTOS,LAS TABLAS,NUARIO
l10n_pa_edi_location_7_2_16,7-2-16,LOS SANTOS,LAS TABLAS,PALMIRA
l10n_pa_edi_location_7_2_17,7-2-17,LOS SANTOS,LAS TABLAS,PEÑA BLANCA
l10n_pa_edi_location_7_2_18,7-2-18,LOS SANTOS,LAS TABLAS,RIO HONDO
l10n_pa_edi_location_7_2_19,7-2-19,LOS SANTOS,LAS TABLAS,SAN JOSE
l10n_pa_edi_location_7_2_20,7-2-20,LOS SANTOS,LAS TABLAS,SAN MIGUEL
l10n_pa_edi_location_7_2_21,7-2-21,LOS SANTOS,LAS TABLAS,SANTO DOMINGO
l10n_pa_edi_location_7_2_22,7-2-22,LOS SANTOS,LAS TABLAS,SESTEADERO
l10n_pa_edi_location_7_2_23,7-2-23,LOS SANTOS,LAS TABLAS,VALLE RICO
l10n_pa_edi_location_7_2_24,7-2-24,LOS SANTOS,LAS TABLAS,VALLERIQUITO
l10n_pa_edi_location_7_3_1,7-3-1,LOS SANTOS,LOS SANTOS,LA VILLA DE LOS SANTOS (CABECE
l10n_pa_edi_location_7_3_2,7-3-2,LOS SANTOS,LOS SANTOS,EL GUASIMO
l10n_pa_edi_location_7_3_3,7-3-3,LOS SANTOS,LOS SANTOS,LA COLORADA
l10n_pa_edi_location_7_3_4,7-3-4,LOS SANTOS,LOS SANTOS,LA ESPIGADILLA
l10n_pa_edi_location_7_3_5,7-3-5,LOS SANTOS,LOS SANTOS,LAS CRUCES
l10n_pa_edi_location_7_3_6,7-3-6,LOS SANTOS,LOS SANTOS,LAS GUABAS
l10n_pa_edi_location_7_3_7,7-3-7,LOS SANTOS,LOS SANTOS,LOS ANGELES
l10n_pa_edi_location_7_3_8,7-3-8,LOS SANTOS,LOS SANTOS,LOS OLIVOS
l10n_pa_edi_location_7_3_9,7-3-9,LOS SANTOS,LOS SANTOS,LLANO LARGO
l10n_pa_edi_location_7_3_10,7-3-10,LOS SANTOS,LOS SANTOS,SABANAGRANDE
l10n_pa_edi_location_7_3_11,7-3-11,LOS SANTOS,LOS SANTOS,SANTA ANA
l10n_pa_edi_location_7_3_12,7-3-12,LOS SANTOS,LOS SANTOS,TRES QUEBRADAS
l10n_pa_edi_location_7_3_13,7-3-13,LOS SANTOS,LOS SANTOS,AGUA BUENA
l10n_pa_edi_location_7_3_14,7-3-14,LOS SANTOS,LOS SANTOS,VILLA LOURDES
l10n_pa_edi_location_7_4_1,7-4-1,LOS SANTOS,MACARACAS,MACARACAS (CABECERA)
l10n_pa_edi_location_7_4_2,7-4-2,LOS SANTOS,MACARACAS,BAHIA HONDA
l10n_pa_edi_location_7_4_3,7-4-3,LOS SANTOS,MACARACAS,BAJOS DE GUERA
l10n_pa_edi_location_7_4_4,7-4-4,LOS SANTOS,MACARACAS,COROZAL
l10n_pa_edi_location_7_4_5,7-4-5,LOS SANTOS,MACARACAS,CHUPA
l10n_pa_edi_location_7_4_6,7-4-6,LOS SANTOS,MACARACAS,EL CEDRO
l10n_pa_edi_location_7_4_7,7-4-7,LOS SANTOS,MACARACAS,ESPINO AMARILLO
l10n_pa_edi_location_7_4_8,7-4-8,LOS SANTOS,MACARACAS,LA MESA
l10n_pa_edi_location_7_4_9,7-4-9,LOS SANTOS,MACARACAS,LAS PALMAS
l10n_pa_edi_location_7_4_10,7-4-10,LOS SANTOS,MACARACAS,LLANO DE PIEDRA
l10n_pa_edi_location_7_4_11,7-4-11,LOS SANTOS,MACARACAS,MOGOLLON
l10n_pa_edi_location_7_5_1,7-5-1,LOS SANTOS,PEDASI,PEDASI (CABECERA)
l10n_pa_edi_location_7_5_2,7-5-2,LOS SANTOS,PEDASI,LOS ASIENTOS
l10n_pa_edi_location_7_5_3,7-5-3,LOS SANTOS,PEDASI,MARIABE
l10n_pa_edi_location_7_5_4,7-5-4,LOS SANTOS,PEDASI,PURIO
l10n_pa_edi_location_7_5_5,7-5-5,LOS SANTOS,PEDASI,ORIA ARRIBA
l10n_pa_edi_location_7_6_1,7-6-1,LOS SANTOS,POCRI,POCRI
l10n_pa_edi_location_7_6_2,7-6-2,LOS SANTOS,POCRI,EL CAÑAFISTULO
l10n_pa_edi_location_7_6_3,7-6-3,LOS SANTOS,POCRI,LAJAMINA
l10n_pa_edi_location_7_6_4,7-6-4,LOS SANTOS,POCRI,PARAISO
l10n_pa_edi_location_7_6_5,7-6-5,LOS SANTOS,POCRI,PARITILLA
l10n_pa_edi_location_7_7_1,7-7-1,LOS SANTOS,TONOSI,TONOSI (CABECERA)
l10n_pa_edi_location_7_7_2,7-7-2,LOS SANTOS,TONOSI,ALTOS DE GUERA
l10n_pa_edi_location_7_7_3,7-7-3,LOS SANTOS,TONOSI,CAÑAS
l10n_pa_edi_location_7_7_4,7-7-4,LOS SANTOS,TONOSI,EL BEBEDERO
l10n_pa_edi_location_7_7_5,7-7-5,LOS SANTOS,TONOSI,EL CACAO
l10n_pa_edi_location_7_7_6,7-7-6,LOS SANTOS,TONOSI,EL CORTEZO
l10n_pa_edi_location_7_7_7,7-7-7,LOS SANTOS,TONOSI,FLORES
l10n_pa_edi_location_7_7_8,7-7-8,LOS SANTOS,TONOSI,GUANICO
l10n_pa_edi_location_7_7_9,7-7-9,LOS SANTOS,TONOSI,LA TRONOSA
l10n_pa_edi_location_7_7_10,7-7-10,LOS SANTOS,TONOSI,CAMBUTAL
l10n_pa_edi_location_7_7_11,7-7-11,LOS SANTOS,TONOSI,ISLA DE CAQAS
l10n_pa_edi_location_8_2_1,8-2-1,PANAMA,BALBOA,SAN MIGUEL (CABECERA)
l10n_pa_edi_location_8_2_2,8-2-2,PANAMA,BALBOA,LA ENSENADA
l10n_pa_edi_location_8_2_3,8-2-3,PANAMA,BALBOA,LA ESMERALDA
l10n_pa_edi_location_8_2_4,8-2-4,PANAMA,BALBOA,LA GUINEA
l10n_pa_edi_location_8_2_5,8-2-5,PANAMA,BALBOA,PEDRO GONZALEZ
l10n_pa_edi_location_8_2_6,8-2-6,PANAMA,BALBOA,SABOGA
l10n_pa_edi_location_8_5_1,8-5-1,PANAMA,CHEPO,CHEPO (CABECERA)
l10n_pa_edi_location_8_5_2,8-5-2,PANAMA,CHEPO,CAÑITA
l10n_pa_edi_location_8_5_3,8-5-3,PANAMA,CHEPO,CHEPILLO
l10n_pa_edi_location_8_5_4,8-5-4,PANAMA,CHEPO,EL LLANO
l10n_pa_edi_location_8_5_5,8-5-5,PANAMA,CHEPO,LAS MARGARITAS
l10n_pa_edi_location_8_5_6,8-5-6,PANAMA,CHEPO,SANTA CRUZ DE CHININA
l10n_pa_edi_location_8_5_7,8-5-7,PANAMA,CHEPO,COMARCA KUNA DE MADUNGANDI
l10n_pa_edi_location_8_5_8,8-5-8,PANAMA,CHEPO,TORTI
l10n_pa_edi_location_8_6_1,8-6-1,PANAMA,CHIMAN,CHIMAN (CABECERA)
l10n_pa_edi_location_8_6_2,8-6-2,PANAMA,CHIMAN,BRUJAS
l10n_pa_edi_location_8_6_3,8-6-3,PANAMA,CHIMAN,GONZALO VASQUEZ
l10n_pa_edi_location_8_6_4,8-6-4,PANAMA,CHIMAN,PASIGA
l10n_pa_edi_location_8_6_5,8-6-5,PANAMA,CHIMAN,UNION SANTEÑA
l10n_pa_edi_location_8_8_1,8-8-1,PANAMA,PANAMA,SAN FELIPE
l10n_pa_edi_location_8_8_2,8-8-2,PANAMA,PANAMA,EL CHORRILLO
l10n_pa_edi_location_8_8_3,8-8-3,PANAMA,PANAMA,SANTA ANA
l10n_pa_edi_location_8_8_4,8-8-4,PANAMA,PANAMA,LA EXPOSICION O CALIDONIA
l10n_pa_edi_location_8_8_5,8-8-5,PANAMA,PANAMA,CURUNDU
l10n_pa_edi_location_8_8_6,8-8-6,PANAMA,PANAMA,BETANIA
l10n_pa_edi_location_8_8_7,8-8-7,PANAMA,PANAMA,BELLA VISTA
l10n_pa_edi_location_8_8_8,8-8-8,PANAMA,PANAMA,PUEBLO NUEVO
l10n_pa_edi_location_8_8_9,8-8-9,PANAMA,PANAMA,SAN FRANCISCO
l10n_pa_edi_location_8_8_10,8-8-10,PANAMA,PANAMA,PARQUE LEFEVRE
l10n_pa_edi_location_8_8_11,8-8-11,PANAMA,PANAMA,RIO ABAJO
l10n_pa_edi_location_8_8_12,8-8-12,PANAMA,PANAMA,JUAN DIAZ
l10n_pa_edi_location_8_8_13,8-8-13,PANAMA,PANAMA,PEDREGAL
l10n_pa_edi_location_8_8_14,8-8-14,PANAMA,PANAMA,ANCON
l10n_pa_edi_location_8_8_15,8-8-15,PANAMA,PANAMA,CHILIBRE
l10n_pa_edi_location_8_8_16,8-8-16,PANAMA,PANAMA,LAS CUMBRES
l10n_pa_edi_location_8_8_17,8-8-17,PANAMA,PANAMA,PACORA
l10n_pa_edi_location_8_8_18,8-8-18,PANAMA,PANAMA,SAN MARTIN
l10n_pa_edi_location_8_8_19,8-8-19,PANAMA,PANAMA,TOCUMEN
l10n_pa_edi_location_8_8_20,8-8-20,PANAMA,PANAMA,LAS MAQANITAS
l10n_pa_edi_location_8_8_21,8-8-21,PANAMA,PANAMA,24 DE DICIEMBRE
l10n_pa_edi_location_8_8_22,8-8-22,PANAMA,PANAMA,ERNESTO CORDOBA CAMPOS
l10n_pa_edi_location_8_8_23,8-8-23,PANAMA,PANAMA,ALCALDE DIAZ
l10n_pa_edi_location_8_8_24,8-8-24,PANAMA,PANAMA,CAIMITILLO
l10n_pa_edi_location_8_8_25,8-8-25,PANAMA,PANAMA,DON BOSCO
l10n_pa_edi_location_8_8_26,8-8-26,PANAMA,PANAMA,LAS GARZAS
l10n_pa_edi_location_8_10_1,8-10-1,PANAMA,SAN MIGUELITO,AMELIA DENIS DE ICAZA
l10n_pa_edi_location_8_10_2,8-10-2,PANAMA,SAN MIGUELITO,BELISARIO PORRAS
l10n_pa_edi_location_8_10_3,8-10-3,PANAMA,SAN MIGUELITO,JOSE DOMINGO ESPINAR
l10n_pa_edi_location_8_10_4,8-10-4,PANAMA,SAN MIGUELITO,MATEO ITURRALDE
l10n_pa_edi_location_8_10_5,8-10-5,PANAMA,SAN MIGUELITO,VICTORIANO LORENZO
l10n_pa_edi_location_8_10_6,8-10-6,PANAMA,SAN MIGUELITO,ARNULFO ARIAS
l10n_pa_edi_location_8_10_7,8-10-7,PANAMA,SAN MIGUELITO,BELISARIO FRIAS
l10n_pa_edi_location_8_10_8,8-10-8,PANAMA,SAN MIGUELITO,OMAR TORRIJOS
l10n_pa_edi_location_8_10_9,8-10-9,PANAMA,SAN MIGUELITO,RUFINA ALFARO
l10n_pa_edi_location_8_11_1,8-11-1,PANAMA,TABOGA,TABOGA (CABECERA)
l10n_pa_edi_location_8_11_2,8-11-2,PANAMA,TABOGA,OTOQUE ORIENTE
l10n_pa_edi_location_8_11_3,8-11-3,PANAMA,TABOGA,OTOQUE OCCIDENTE
l10n_pa_edi_location_9_1_1,9-1-1,VERAGUAS,ATALAYA,ATALAYA (CABECERA)
l10n_pa_edi_location_9_1_2,9-1-2,VERAGUAS,ATALAYA,EL BARRITO
l10n_pa_edi_location_9_1_3,9-1-3,VERAGUAS,ATALAYA,LA MONTAÑUELA
l10n_pa_edi_location_9_1_4,9-1-4,VERAGUAS,ATALAYA,LA CARRILLO
l10n_pa_edi_location_9_1_5,9-1-5,VERAGUAS,ATALAYA,SAN ANTONIO
l10n_pa_edi_location_9_2_1,9-2-1,VERAGUAS,CALOBRE,CALOBRE (CABECERA)
l10n_pa_edi_location_9_2_2,9-2-2,VERAGUAS,CALOBRE,BARNIZAL
l10n_pa_edi_location_9_2_3,9-2-3,VERAGUAS,CALOBRE,CHITRA
l10n_pa_edi_location_9_2_4,9-2-4,VERAGUAS,CALOBRE,EL COCLA
l10n_pa_edi_location_9_2_5,9-2-5,VERAGUAS,CALOBRE,EL POTRERO
l10n_pa_edi_location_9_2_6,9-2-6,VERAGUAS,CALOBRE,LA LAGUNA
l10n_pa_edi_location_9_2_7,9-2-7,VERAGUAS,CALOBRE,LA RAYA DE CALOBRE
l10n_pa_edi_location_9_2_8,9-2-8,VERAGUAS,CALOBRE,LA TETILLA
l10n_pa_edi_location_9_2_9,9-2-9,VERAGUAS,CALOBRE,LA YEGUADA
l10n_pa_edi_location_9_2_10,9-2-10,VERAGUAS,CALOBRE,LAS GUIAS
l10n_pa_edi_location_9_2_11,9-2-11,VERAGUAS,CALOBRE,MONJARAS
l10n_pa_edi_location_9_2_12,9-2-12,VERAGUAS,CALOBRE,SAN JOSE
l10n_pa_edi_location_9_3_1,9-3-1,VERAGUAS,CAÑAZAS,CAÑAZAS (CABECERA)
l10n_pa_edi_location_9_3_2,9-3-2,VERAGUAS,CAÑAZAS,CERRO PLATA
l10n_pa_edi_location_9_3_3,9-3-3,VERAGUAS,CAÑAZAS,EL PICADOR
l10n_pa_edi_location_9_3_4,9-3-4,VERAGUAS,CAÑAZAS,LOS VALLES
l10n_pa_edi_location_9_3_5,9-3-5,VERAGUAS,CAÑAZAS,SAN JOSE
l10n_pa_edi_location_9_3_6,9-3-6,VERAGUAS,CAÑAZAS,SAN MARCELO
l10n_pa_edi_location_9_3_7,9-3-7,VERAGUAS,CAÑAZAS,EL AROMILLO
l10n_pa_edi_location_9_4_1,9-4-1,VERAGUAS,LA MEZA,LA MESA (CABECERA)
l10n_pa_edi_location_9_4_2,9-4-2,VERAGUAS,LA MEZA,BISVALLES
l10n_pa_edi_location_9_4_3,9-4-3,VERAGUAS,LA MEZA,BORO
l10n_pa_edi_location_9_4_4,9-4-4,VERAGUAS,LA MEZA,LLANO GRANDE
l10n_pa_edi_location_9_4_5,9-4-5,VERAGUAS,LA MEZA,SAN BARTOLO
l10n_pa_edi_location_9_4_6,9-4-6,VERAGUAS,LA MEZA,LOS MILAGROS
l10n_pa_edi_location_9_5_1,9-5-1,VERAGUAS,LAS PALMAS,LAS PALMAS (CABECERA)
l10n_pa_edi_location_9_5_2,9-5-2,VERAGUAS,LAS PALMAS,CERRO DE CASA
l10n_pa_edi_location_9_5_3,9-5-3,VERAGUAS,LAS PALMAS,COROZAL
l10n_pa_edi_location_9_5_4,9-5-4,VERAGUAS,LAS PALMAS,EL MARIA
l10n_pa_edi_location_9_5_5,9-5-5,VERAGUAS,LAS PALMAS,EL PRADO
l10n_pa_edi_location_9_5_6,9-5-6,VERAGUAS,LAS PALMAS,EL RINCON
l10n_pa_edi_location_9_5_7,9-5-7,VERAGUAS,LAS PALMAS,LOLA
l10n_pa_edi_location_9_5_8,9-5-8,VERAGUAS,LAS PALMAS,PIXVAE
l10n_pa_edi_location_9_5_9,9-5-9,VERAGUAS,LAS PALMAS,PUERTO VIDAL
l10n_pa_edi_location_9_5_10,9-5-10,VERAGUAS,LAS PALMAS,SAN MARTIN DE PORRES
l10n_pa_edi_location_9_5_11,9-5-11,VERAGUAS,LAS PALMAS,VIGUI
l10n_pa_edi_location_9_5_12,9-5-12,VERAGUAS,LAS PALMAS,ZAPOTILLO
l10n_pa_edi_location_9_6_1,9-6-1,VERAGUAS,MONTIJO,MONTIJO (CABECERA)
l10n_pa_edi_location_9_6_2,9-6-2,VERAGUAS,MONTIJO,ARENAS
l10n_pa_edi_location_9_6_3,9-6-3,VERAGUAS,MONTIJO,GOBERNADORA
l10n_pa_edi_location_9_6_4,9-6-4,VERAGUAS,MONTIJO,LA GARCEANA
l10n_pa_edi_location_9_6_5,9-6-5,VERAGUAS,MONTIJO,LEONES
l10n_pa_edi_location_9_6_6,9-6-6,VERAGUAS,MONTIJO,CEBACO
l10n_pa_edi_location_9_6_7,9-6-7,VERAGUAS,MONTIJO,COSTA HERMOSA
l10n_pa_edi_location_9_6_8,9-6-8,VERAGUAS,MONTIJO,UNION DEL NORTE
l10n_pa_edi_location_9_6_9,9-6-9,VERAGUAS,MONTIJO,TEBARIO
l10n_pa_edi_location_9_6_10,9-6-10,VERAGUAS,MONTIJO,EL PILON
l10n_pa_edi_location_9_7_1,9-7-1,VERAGUAS,RIO DE JESUS,RIO DE JESUS (CABECERA)
l10n_pa_edi_location_9_7_2,9-7-2,VERAGUAS,RIO DE JESUS,LAS HUACAS
l10n_pa_edi_location_9_7_3,9-7-3,VERAGUAS,RIO DE JESUS,LOS CASTILLOS
l10n_pa_edi_location_9_7_4,9-7-4,VERAGUAS,RIO DE JESUS,UTIRA
l10n_pa_edi_location_9_7_5,9-7-5,VERAGUAS,RIO DE JESUS,CATORCE DE NOVIEMBRE
l10n_pa_edi_location_9_8_1,9-8-1,VERAGUAS,SAN FRANCISCO,SAN FRANCISCO (CABECERA)
l10n_pa_edi_location_9_8_2,9-8-2,VERAGUAS,SAN FRANCISCO,CORRAL FALSO
l10n_pa_edi_location_9_8_3,9-8-3,VERAGUAS,SAN FRANCISCO,LOS HATILLOS
l10n_pa_edi_location_9_8_4,9-8-4,VERAGUAS,SAN FRANCISCO,REMANCE
l10n_pa_edi_location_9_8_5,9-8-5,VERAGUAS,SAN FRANCISCO,SAN JUAN
l10n_pa_edi_location_9_8_6,9-8-6,VERAGUAS,SAN FRANCISCO,SAN JOSE
l10n_pa_edi_location_9_9_1,9-9-1,VERAGUAS,SANTA FE,SANTA FE (CABECERA)
l10n_pa_edi_location_9_9_2,9-9-2,VERAGUAS,SANTA FE,CALOVEBORA
l10n_pa_edi_location_9_9_3,9-9-3,VERAGUAS,SANTA FE,EL ALTO
l10n_pa_edi_location_9_9_4,9-9-4,VERAGUAS,SANTA FE,EL CUAY
l10n_pa_edi_location_9_9_5,9-9-5,VERAGUAS,SANTA FE,EL PANTANO
l10n_pa_edi_location_9_9_6,9-9-6,VERAGUAS,SANTA FE,GATU O GATUCITO
l10n_pa_edi_location_9_9_7,9-9-7,VERAGUAS,SANTA FE,RIO LUIS
l10n_pa_edi_location_9_10_1,9-10-1,VERAGUAS,SANTIAGO,SANTIAGO (CABECERA)
l10n_pa_edi_location_9_10_2,9-10-2,VERAGUAS,SANTIAGO,LA COLORADA
l10n_pa_edi_location_9_10_3,9-10-3,VERAGUAS,SANTIAGO,LA PEÑA
l10n_pa_edi_location_9_10_4,9-10-4,VERAGUAS,SANTIAGO,LA RAYA DE SANTA MARIA
l10n_pa_edi_location_9_10_5,9-10-5,VERAGUAS,SANTIAGO,PONUGA
l10n_pa_edi_location_9_10_6,9-10-6,VERAGUAS,SANTIAGO,SAN PEDRO DEL ESPINO
l10n_pa_edi_location_9_10_7,9-10-7,VERAGUAS,SANTIAGO,CANTO DEL LLANO
l10n_pa_edi_location_9_10_8,9-10-8,VERAGUAS,SANTIAGO,LOS ALGARROBOS
l10n_pa_edi_location_9_10_9,9-10-9,VERAGUAS,SANTIAGO,CARLOS SANTANA AVILA
l10n_pa_edi_location_9_10_10,9-10-10,VERAGUAS,SANTIAGO,EDWIN FABREGA
l10n_pa_edi_location_9_10_11,9-10-11,VERAGUAS,SANTIAGO,SAN MARTIN DE PORRES
l10n_pa_edi_location_9_10_12,9-10-12,VERAGUAS,SANTIAGO,URRACA
l10n_pa_edi_location_9_11_1,9-11-1,VERAGUAS,SONA,SONA (CABECERA)
l10n_pa_edi_location_9_11_2,9-11-2,VERAGUAS,SONA,BAHIA HONDA
l10n_pa_edi_location_9_11_3,9-11-3,VERAGUAS,SONA,CALIDONIA
l10n_pa_edi_location_9_11_4,9-11-4,VERAGUAS,SONA,CATIVE
l10n_pa_edi_location_9_11_5,9-11-5,VERAGUAS,SONA,EL MARAÑON
l10n_pa_edi_location_9_11_6,9-11-6,VERAGUAS,SONA,GUARUMAL
l10n_pa_edi_location_9_11_7,9-11-7,VERAGUAS,SONA,LA SOLEDAD
l10n_pa_edi_location_9_11_8,9-11-8,VERAGUAS,SONA,QUEBRADA DE ORO
l10n_pa_edi_location_9_11_9,9-11-9,VERAGUAS,SONA,RIO GRANDE
l10n_pa_edi_location_9_11_10,9-11-10,VERAGUAS,SONA,RODEO VIEJO
l10n_pa_edi_location_9_12_1,9-12-1,VERAGUAS,MARIATO,LLANO DE CATIVAL O MARIATO (CABECERA)
l10n_pa_edi_location_9_12_2,9-12-2,VERAGUAS,MARIATO,ARENAS
l10n_pa_edi_location_9_12_3,9-12-3,VERAGUAS,MARIATO,EL CACAO
l10n_pa_edi_location_9_12_4,9-12-4,VERAGUAS,MARIATO,QUEBRO
l10n_pa_edi_location_9_12_5,9-12-5,VERAGUAS,MARIATO,TEBARIO
l10n_pa_edi_location_10_1_1,10-1-1,COMARCA KUNA YALA,COMARCA KUNA YALA,NARGANA (CABECERA)
l10n_pa_edi_location_10_1_2,10-1-2,COMARCA KUNA YALA,COMARCA KUNA YALA,AILIGANDI
l10n_pa_edi_location_10_1_3,10-1-3,COMARCA KUNA YALA,COMARCA KUNA YALA,PUERTO OBALDIA
l10n_pa_edi_location_10_1_4,10-1-4,COMARCA KUNA YALA,COMARCA KUNA YALA,TUBUALA
l10n_pa_edi_location_11_1_1,11-1-1,COMARCA EMBERA-WOUNAAN,CEMACO,CIRILO GUAINORA (CABECERA)
l10n_pa_edi_location_11_1_2,11-1-2,COMARCA EMBERA-WOUNAAN,CEMACO,LAJAS BLANCAS
l10n_pa_edi_location_11_1_3,11-1-3,COMARCA EMBERA-WOUNAAN,CEMACO,MANUEL ORTEGA
l10n_pa_edi_location_11_2_1,11-2-1,COMARCA EMBERA-WOUNAAN,SAMBU,RIO SABALO
l10n_pa_edi_location_11_2_2,11-2-2,COMARCA EMBERA-WOUNAAN,SAMBU,JINGURUDO
l10n_pa_edi_location_12_1_1,12-1-1,COMARCA NGÄBE-BUGLÉ,BESIKO,SOLOY (CABECERA)
l10n_pa_edi_location_12_1_2,12-1-2,COMARCA NGÄBE-BUGLÉ,BESIKO,BOCA DE BALSA
l10n_pa_edi_location_12_1_3,12-1-3,COMARCA NGÄBE-BUGLÉ,BESIKO,CAMARON ARRIBA
l10n_pa_edi_location_12_1_4,12-1-4,COMARCA NGÄBE-BUGLÉ,BESIKO,CERRO BANCO
l10n_pa_edi_location_12_1_5,12-1-5,COMARCA NGÄBE-BUGLÉ,BESIKO,CERRO DE PATENA
l10n_pa_edi_location_12_1_6,12-1-6,COMARCA NGÄBE-BUGLÉ,BESIKO,EMPLANADA DE CHORCHA
l10n_pa_edi_location_12_1_7,12-1-7,COMARCA NGÄBE-BUGLÉ,BESIKO,NAMNONI
l10n_pa_edi_location_12_1_8,12-1-8,COMARCA NGÄBE-BUGLÉ,BESIKO,NIBA
l10n_pa_edi_location_12_2_1,12-2-1,COMARCA NGÄBE-BUGLÉ,MIRONO,HATO PILON (CABECERA)
l10n_pa_edi_location_12_2_2,12-2-2,COMARCA NGÄBE-BUGLÉ,MIRONO,CASCABEL
l10n_pa_edi_location_12_2_3,12-2-3,COMARCA NGÄBE-BUGLÉ,MIRONO,HATO COROTU
l10n_pa_edi_location_12_2_4,12-2-4,COMARCA NGÄBE-BUGLÉ,MIRONO,HATO CULANTRO
l10n_pa_edi_location_12_2_5,12-2-5,COMARCA NGÄBE-BUGLÉ,MIRONO,HATO JOBO
l10n_pa_edi_location_12_2_6,12-2-6,COMARCA NGÄBE-BUGLÉ,MIRONO,HATO JULI
l10n_pa_edi_location_12_2_7,12-2-7,COMARCA NGÄBE-BUGLÉ,MIRONO,QUEBRADA DE LORO
l10n_pa_edi_location_12_2_8,12-2-8,COMARCA NGÄBE-BUGLÉ,MIRONO,SALTO DUPI
l10n_pa_edi_location_12_3_1,12-3-1,COMARCA NGÄBE-BUGLÉ,MUNA,CHICHICA (CABECERA)
l10n_pa_edi_location_12_3_2,12-3-2,COMARCA NGÄBE-BUGLÉ,MUNA,ALTO CABALLERO
l10n_pa_edi_location_12_3_3,12-3-3,COMARCA NGÄBE-BUGLÉ,MUNA,BAKAMA
l10n_pa_edi_location_12_3_4,12-3-4,COMARCA NGÄBE-BUGLÉ,MUNA,CERRO CAÑA
l10n_pa_edi_location_12_3_5,12-3-5,COMARCA NGÄBE-BUGLÉ,MUNA,CERRO PUERCO
l10n_pa_edi_location_12_3_6,12-3-6,COMARCA NGÄBE-BUGLÉ,MUNA,KRUA
l10n_pa_edi_location_12_3_7,12-3-7,COMARCA NGÄBE-BUGLÉ,MUNA,MARACA
l10n_pa_edi_location_12_3_8,12-3-8,COMARCA NGÄBE-BUGLÉ,MUNA,NIBRA
l10n_pa_edi_location_12_3_9,12-3-9,COMARCA NGÄBE-BUGLÉ,MUNA,PEÑA BLANCA
l10n_pa_edi_location_12_3_10,12-3-10,COMARCA NGÄBE-BUGLÉ,MUNA,ROKA
l10n_pa_edi_location_12_3_11,12-3-11,COMARCA NGÄBE-BUGLÉ,MUNA,SITIO PRADO
l10n_pa_edi_location_12_3_12,12-3-12,COMARCA NGÄBE-BUGLÉ,MUNA,UMANI
l10n_pa_edi_location_12_4_1,12-4-1,COMARCA NGÄBE-BUGLÉ,NOLE DUIMA,CERRO IGLESIAS (CABECERA)
l10n_pa_edi_location_12_4_2,12-4-2,COMARCA NGÄBE-BUGLÉ,NOLE DUIMA,HATO CHAMI
l10n_pa_edi_location_12_4_3,12-4-3,COMARCA NGÄBE-BUGLÉ,NOLE DUIMA,JADEBERI
l10n_pa_edi_location_12_4_4,12-4-4,COMARCA NGÄBE-BUGLÉ,NOLE DUIMA,LAJERO
l10n_pa_edi_location_12_4_5,12-4-5,COMARCA NGÄBE-BUGLÉ,NOLE DUIMA,SUSAMA
l10n_pa_edi_location_12_5_1,12-5-1,COMARCA NGÄBE-BUGLÉ,NURUM,BUENOS AIRES (CABECERA)
l10n_pa_edi_location_12_5_2,12-5-2,COMARCA NGÄBE-BUGLÉ,NURUM,AGUA DE SALUD
l10n_pa_edi_location_12_5_3,12-5-3,COMARCA NGÄBE-BUGLÉ,NURUM,ALTO DE JESUS
l10n_pa_edi_location_12_5_4,12-5-4,COMARCA NGÄBE-BUGLÉ,NURUM,CERRO PELADO
l10n_pa_edi_location_12_5_5,12-5-5,COMARCA NGÄBE-BUGLÉ,NURUM,EL BALE
l10n_pa_edi_location_12_5_6,12-5-6,COMARCA NGÄBE-BUGLÉ,NURUM,EL PAREDON
l10n_pa_edi_location_12_5_7,12-5-7,COMARCA NGÄBE-BUGLÉ,NURUM,EL PIRO
l10n_pa_edi_location_12_5_8,12-5-8,COMARCA NGÄBE-BUGLÉ,NURUM,GUAYABITO
l10n_pa_edi_location_12_5_9,12-5-9,COMARCA NGÄBE-BUGLÉ,NURUM,GUIBALE
l10n_pa_edi_location_12_6_1,12-6-1,COMARCA NGÄBE-BUGLÉ,KANKINTU,BISIRA (CABECERA)
l10n_pa_edi_location_12_6_2,12-6-2,COMARCA NGÄBE-BUGLÉ,KANKINTU,BURI
l10n_pa_edi_location_12_6_3,12-6-3,COMARCA NGÄBE-BUGLÉ,KANKINTU,GUARIVIARA
l10n_pa_edi_location_12_6_4,12-6-4,COMARCA NGÄBE-BUGLÉ,KANKINTU,GUORONI
l10n_pa_edi_location_12_6_5,12-6-5,COMARCA NGÄBE-BUGLÉ,KANKINTU,KANKINTU
l10n_pa_edi_location_12_6_6,12-6-6,COMARCA NGÄBE-BUGLÉ,KANKINTU,MUNUNI
l10n_pa_edi_location_12_6_7,12-6-7,COMARCA NGÄBE-BUGLÉ,KANKINTU,PIEDRA ROJA
l10n_pa_edi_location_12_6_8,12-6-8,COMARCA NGÄBE-BUGLÉ,KANKINTU,TUWAI
l10n_pa_edi_location_12_6_9,12-6-9,COMARCA NGÄBE-BUGLÉ,KANKINTU,MAN CREEK
l10n_pa_edi_location_12_7_1,12-7-1,COMARCA NGÄBE-BUGLÉ,KUSAPIN,KUSAPIN (CABECERA)
l10n_pa_edi_location_12_7_2,12-7-2,COMARCA NGÄBE-BUGLÉ,KUSAPIN,BAHIA AZUL
l10n_pa_edi_location_12_7_3,12-7-3,COMARCA NGÄBE-BUGLÉ,KUSAPIN,CALOVEBORA O SANTA CATALINA
l10n_pa_edi_location_12_7_4,12-7-4,COMARCA NGÄBE-BUGLÉ,KUSAPIN,LOMA YUCA
l10n_pa_edi_location_12_7_5,12-7-5,COMARCA NGÄBE-BUGLÉ,KUSAPIN,RIO CHIRIQUI
l10n_pa_edi_location_12_7_6,12-7-6,COMARCA NGÄBE-BUGLÉ,KUSAPIN,TOBOBE
l10n_pa_edi_location_12_7_7,12-7-7,COMARCA NGÄBE-BUGLÉ,KUSAPIN,VALLE BONITO
l10n_pa_edi_location_13_1_1,13-1-1,PANAMA OESTE,ARRAIJAN,ARRAIJAN (CABECERA)
l10n_pa_edi_location_13_1_2,13-1-2,PANAMA OESTE,ARRAIJAN,BURUNGA
l10n_pa_edi_location_13_1_3,13-1-3,PANAMA OESTE,ARRAIJAN,CERRO SILVESTRE
l10n_pa_edi_location_13_1_4,13-1-4,PANAMA OESTE,ARRAIJAN,JUAN DEMOSTENES AROSEMENA
l10n_pa_edi_location_13_1_5,13-1-5,PANAMA OESTE,ARRAIJAN,NUEVO EMPERADOR
l10n_pa_edi_location_13_1_6,13-1-6,PANAMA OESTE,ARRAIJAN,SANTA CLARA
l10n_pa_edi_location_13_1_7,13-1-7,PANAMA OESTE,ARRAIJAN,VERACRUZ
l10n_pa_edi_location_13_1_8,13-1-8,PANAMA OESTE,ARRAIJAN,VISTA ALEGRE
l10n_pa_edi_location_13_2_1,13-2-1,PANAMA OESTE,CAPIRA,CAPIRA (CABECERA)
l10n_pa_edi_location_13_2_2,13-2-2,PANAMA OESTE,CAPIRA,CAIMITO
l10n_pa_edi_location_13_2_3,13-2-3,PANAMA OESTE,CAPIRA,CAMPANA
l10n_pa_edi_location_13_2_4,13-2-4,PANAMA OESTE,CAPIRA,CERMEÑO
l10n_pa_edi_location_13_2_5,13-2-5,PANAMA OESTE,CAPIRA,CIRI DE LOS SOTOS
l10n_pa_edi_location_13_2_6,13-2-6,PANAMA OESTE,CAPIRA,CIRI GRANDE
l10n_pa_edi_location_13_2_7,13-2-7,PANAMA OESTE,CAPIRA,EL CACAO
l10n_pa_edi_location_13_2_8,13-2-8,PANAMA OESTE,CAPIRA,LA TRINIDAD
l10n_pa_edi_location_13_2_9,13-2-9,PANAMA OESTE,CAPIRA,LAS OLLAS ARRIBA
l10n_pa_edi_location_13_2_10,13-2-10,PANAMA OESTE,CAPIRA,LIDICE
l10n_pa_edi_location_13_2_11,13-2-11,PANAMA OESTE,CAPIRA,VILLA CARMEN
l10n_pa_edi_location_13_2_12,13-2-12,PANAMA OESTE,CAPIRA,VILLA ROSARIO
l10n_pa_edi_location_13_2_13,13-2-13,PANAMA OESTE,CAPIRA,SANTA ROSA
l10n_pa_edi_location_13_3_1,13-3-1,PANAMA OESTE,CHAME,CHAME (CABECERA)
l10n_pa_edi_location_13_3_2,13-3-2,PANAMA OESTE,CHAME,BEJUCO
l10n_pa_edi_location_13_3_3,13-3-3,PANAMA OESTE,CHAME,BUENOS AIRES
l10n_pa_edi_location_13_3_4,13-3-4,PANAMA OESTE,CHAME,CABUYA
l10n_pa_edi_location_13_3_5,13-3-5,PANAMA OESTE,CHAME,CHICA
l10n_pa_edi_location_13_3_6,13-3-6,PANAMA OESTE,CHAME,EL LIBANO
l10n_pa_edi_location_13_3_7,13-3-7,PANAMA OESTE,CHAME,LAS LAJAS
l10n_pa_edi_location_13_3_8,13-3-8,PANAMA OESTE,CHAME,NUEVA GORGONA
l10n_pa_edi_location_13_3_9,13-3-9,PANAMA OESTE,CHAME,PUNTA CHAME
l10n_pa_edi_location_13_3_10,13-3-10,PANAMA OESTE,CHAME,SAJALICES
l10n_pa_edi_location_13_3_11,13-3-11,PANAMA OESTE,CHAME,SORA
l10n_pa_edi_location_13_4_1,13-4-1,PANAMA OESTE,LA CHORRERA,BARRIO BALBOA
l10n_pa_edi_location_13_4_2,13-4-2,PANAMA OESTE,LA CHORRERA,BARRIO COLON
l10n_pa_edi_location_13_4_3,13-4-3,PANAMA OESTE,LA CHORRERA,AMADOR
l10n_pa_edi_location_13_4_4,13-4-4,PANAMA OESTE,LA CHORRERA,AROSEMENA
l10n_pa_edi_location_13_4_5,13-4-5,PANAMA OESTE,LA CHORRERA,EL ARADO
l10n_pa_edi_location_13_4_6,13-4-6,PANAMA OESTE,LA CHORRERA,EL COCO
l10n_pa_edi_location_13_4_7,13-4-7,PANAMA OESTE,LA CHORRERA,FEUILLET
l10n_pa_edi_location_13_4_8,13-4-8,PANAMA OESTE,LA CHORRERA,GUADALUPE
l10n_pa_edi_location_13_4_9,13-4-9,PANAMA OESTE,LA CHORRERA,HERRERA
l10n_pa_edi_location_13_4_10,13-4-10,PANAMA OESTE,LA CHORRERA,HURTADO
l10n_pa_edi_location_13_4_11,13-4-11,PANAMA OESTE,LA CHORRERA,ITURRALDE
l10n_pa_edi_location_13_4_12,13-4-12,PANAMA OESTE,LA CHORRERA,LA REPRESA
l10n_pa_edi_location_13_4_13,13-4-13,PANAMA OESTE,LA CHORRERA,LOS DIAZ
l10n_pa_edi_location_13_4_14,13-4-14,PANAMA OESTE,LA CHORRERA,MENDOZA
l10n_pa_edi_location_13_4_15,13-4-15,PANAMA OESTE,LA CHORRERA,OBALDIA
l10n_pa_edi_location_13_4_16,13-4-16,PANAMA OESTE,LA CHORRERA,PLAYA LEONA
l10n_pa_edi_location_13_4_17,13-4-17,PANAMA OESTE,LA CHORRERA,PUERTO CAIMITO
l10n_pa_edi_location_13_4_18,13-4-18,PANAMA OESTE,LA CHORRERA,SANTA RITA
l10n_pa_edi_location_13_5_1,13-5-1,PANAMA OESTE,SAN CARLOS,SAN CARLOS (CABECERA)
l10n_pa_edi_location_13_5_2,13-5-2,PANAMA OESTE,SAN CARLOS,EL ESPINO
l10n_pa_edi_location_13_5_3,13-5-3,PANAMA OESTE,SAN CARLOS,EL HIGO
l10n_pa_edi_location_13_5_4,13-5-4,PANAMA OESTE,SAN CARLOS,GUAYABITO
l10n_pa_edi_location_13_5_5,13-5-5,PANAMA OESTE,SAN CARLOS,LA ERMITA
l10n_pa_edi_location_13_5_6,13-5-6,PANAMA OESTE,SAN CARLOS,LA LAGUNA
l10n_pa_edi_location_13_5_7,13-5-7,PANAMA OESTE,SAN CARLOS,LAS UVAS
l10n_pa_edi_location_13_5_8,13-5-8,PANAMA OESTE,SAN CARLOS,LOS LLANITOS
l10n_pa_edi_location_13_5_9,13-5-9,PANAMA OESTE,SAN CARLOS,SAN JOSE
